<?xml version="1.0" encoding="UTF-8" standalone="no"?>
<Manifest xmlns="http://schemas.tizen.org/2012/12/manifest">
    <Id>docomo6003</Id>
    <Version>1.0.0</Version>
    <Type>C++App</Type>
    <Requirements>
        <Feature Name="http://tizen.org/feature/platform.core.cpu.arch.armv7">true</Feature>
        <Feature Name="http://tizen.org/feature/platform.core.fpu.arch.vfpv3">true</Feature>
        <Feature Name="http://tizen.org/feature/screen.size.normal.720.1280">true</Feature>
    </Requirements>
    <Apps>
        <ApiVersion>2.2</ApiVersion>
        <Privileges>
            <Privilege>http://tizen.org/privilege/web.privacy</Privilege>
            <Privilege>http://tizen.org/privilege/web.service</Privilege>
            <Privilege>http://tizen.org/privilege/http</Privilege>
            <Privilege>http://tizen.org/privilege/power</Privilege>
            <Privilege>http://tizen.org/privilege/setting</Privilege>
            <Privilege>http://tizen.org/privilege/system</Privilege>
            <Privilege>http://tizen.org/privilege/vibrator</Privilege>
        </Privileges>
        <UiApp HwAcceleration="On" LaunchingHistoryVisible="True" Main="True" MenuIconVisible="True" Name="MyHondana">
            <UiScalability BaseScreenSize="Normal" CoordinateSystem="Logical" LogicalCoordinate="720"/>
            <UiTheme SystemTheme="Black"/>
            <DisplayNames>
                <DisplayName Locale="eng-GB">d book MyShelf</DisplayName>
                <DisplayName Locale="jpn-JP">d ﾌﾞｯｸ ﾏｲ本棚</DisplayName>
            </DisplayNames>
            <Icons>
                <Icon Section="MainMenu">main_icon.png</Icon>
            </Icons>
            <LaunchConditions/>
        </UiApp>
    </Apps>
</Manifest>
