{
	"Result":"OK",
	"access_dt":"20130617105913",
	"tablet_flg":0,
	"total_count":"36",
	"offset":36,
	"datalist":
	[
		{
			"title_id":"0000000007",
			"title_nm":"\u3082\u3057\u9ad8\u6821\u91ce\u7403\u306e\u5973\u5b50\u30de\u30cd\u30fc\u30b8\u30e3\u30fc\u304c\u30c9\u30e9\u30c3\u30ab\u30fc\u306e\u300e\u30de\u30cd\u30b8\u30e1\u30f3\u30c8\u300f\u3092\u8aad\u3093\u3060\u3089",
			"title_kana":"\u3082\u3057\u3053\u3046\u3053\u3046\u3084\u304d\u3085\u3046\u306e\u3058\u3087\u3057\u307e\u306d\u30fc\u3058\u3083\u30fc\u304c\u3069\u3089\u3063\u304b\u30fc\u306e\u307e\u306d\u3058\u3081\u3093\u3068\u3092\u3088\u3093\u3060\u3089",
			"v_cnt":"1",
			"c_cnt":"0",
			"book_type":"011",
			"new_item_id":"V0000000007_0001",
			"release_dt":"2011-10-1010:00:00",
			"buy_check_flg":2,
			"last_target_device_type":"0",
			"detail_info":[
			{
				"item_id":"V0000000007_0001",
				"purchase_target_device_type":"0",
				"item_no":"1",
				"item_nm":"1",
				"file_name":"V0000000007_0001.zbf",
				"file_size":"1.4",
				"book_format_id":"30",
				"del_flg":"0",
				"dl_limit_dt":"2013-06-12 14:40:56",
				"item_type":1,
				"settlement_dt":"2013-06-1114:40:56"
			}],
			"author_nm":"\u5ca9\u5d0e\u590f\u6d77",
			"author_kana":"\u3044\u308f\u3055\u304d\u306a\u3064\u307f"
		},
		{
			"title_id":"0000002155",
			"title_nm":"\u308d\u304f\u3067\u306a\u3057BLUES\uff11\uff12\uff13\uff14\uff15\uff16\uff17\uff18\uff19\uff10\uff11\uff12\uff13\uff14\uff15\uff16",
			"title_kana":"\u308d\u304f\u3067\u306a\u3057\u3076\u308b\u30fc\u3059",
			"v_cnt":"0",
			"c_cnt":"450",
			"book_type":"010",
			"new_item_id":"C0000002155_0451",
			"release_dt":"2013-01-07 10:00:00",
			"buy_check_flg":2,
			"last_target_device_type":"0",
			"detail_info":[
			{
				"item_id":"C0000002155_0001",
				"purchase_target_device_type":"0",
				"item_no":"1",
				"item_nm":"1",
				"file_name":"C0000002155_0001.zbf",
				"file_size":"1.1",
				"book_format_id":"30",
				"del_flg":"0",
				"dl_limit_dt":"2015-06-10 14:55:04",
				"item_type":2,
				"settlement_dt":"2013-06-11 14:55:04"
			}],
			"author_nm":"\u68ee\u7530\u307e\u3055\u306e\u308a",
			"author_kana":"\u3082\u308a\u305f\u307e\u3055\u306e\u308a"
		}
	]
}
