{"Result":"OK","access_dt":"20130715124458","tablet_flg":0,"total_count":0,"offset":null,"datalist":[{"title_id":"0000000007","title_nm":"\u3082\u3057\u9ad8\u6821\u91ce\u7403\u306e\u5973\u5b50\u30de\u30cd\u30fc\u30b8\u30e3\u30fc\u304c\u30c9\u30e9\u30c3\u30ab\u30fc\u306e\u300e\u30de\u30cd\u30b8\u30e1\u30f3\u30c8\u300f\u3092\u8aad\u3093\u3060\u3089","title_kana":"\u3082\u3057\u3053\u3046\u3053\u3046\u3084\u304d\u3085\u3046\u306e\u3058\u3087\u3057\u307e\u306d\u30fc\u3058\u3083\u30fc\u304c\u3069\u3089\u3063\u304b\u30fc\u306e\u307e\u306d\u3058\u3081\u3093\u3068\u3092\u3088\u3093\u3060\u3089","v_cnt":"1","c_cnt":"0","book_type":"011","new_item_id":"V0000000007_0001","release_dt":"2011-10-10 10:00:00","buy_check_flg":2,"last_target_device_type":"0","detail_info":[{"item_id":"V0000000007_0001","purchase_target_device_type":"0","item_no":"1","item_nm":"1","file_name":"V0000000007_0001.zbf","file_size":"1.4","book_format_id":"30","del_flg":"0","dl_limit_dt":"2013-06-12 14:40:56","item_type":1,"settlement_dt":"2013-06-11 14:40:56"}],"author_nm":"\u5ca9\u5d0e\u590f\u6d77","author_kana":"\u3044\u308f\u3055\u304d\u306a\u3064\u307f"},{"title_id":"0000002155","title_nm":"\u308d\u304f\u3067\u306a\u3057BLUES\uff11\uff12\uff13\uff14\uff15\uff16\uff17\uff18\uff19\uff10\uff11\uff12\uff13\uff14\uff15\uff16\u30b9\u30de\u30db\u5c02\u7528","title_kana":"\u308d\u304f\u3067\u306a\u3057\u3076\u308b\u30fc\u3059","v_cnt":"0","c_cnt":"450","book_type":"010","new_item_id":"C0000002155_0451","release_dt":"2013-01-07 10:00:00","buy_check_flg":2,"last_target_device_type":"1","detail_info":[{"item_id":"C0000002155_0001","purchase_target_device_type":"0","item_no":"1","item_nm":"1","file_name":"C0000002155_0001.zbf","file_size":"1.1","book_format_id":"30","del_flg":"0","dl_limit_dt":"2015-06-10 14:55:04","item_type":2,"settlement_dt":"2013-06-11 14:55:04"}],"author_nm":"\u68ee\u7530\u307e\u3055\u306e\u308a","author_kana":"\u3082\u308a\u305f\u307e\u3055\u306e\u308a"},{"title_id":"0000002162","title_nm":"\u307e\u3058\u304b\u308b\u2606\u30bf\u30eb\u308b\u30fc\u30c8\u304f\u3093","title_kana":"\u307e\u3058\u304b\u308b\u305f\u308b\u308b\u30fc\u3068\u304f\u3093","v_cnt":"0","c_cnt":"383","book_type":"010","new_item_id":"C0000002162_0383","release_dt":"2012-12-15 10:00:00","buy_check_flg":2,"last_target_device_type":"0","detail_info":[{"item_id":"C0000002162_0001","purchase_target_device_type":"0","item_no":"1","item_nm":"1","file_name":"C0000002162_0001.zbf","file_size":"1.3","book_format_id":"30","del_flg":"0","dl_limit_dt":"2015-05-29 16:05:44","item_type":2,"settlement_dt":"2013-05-30 16:05:44"},{"item_id":"C0000002162_0002","purchase_target_device_type":"0","item_no":"2","item_nm":"2","file_name":"C0000002162_0002.zbf","file_size":"1.1","book_format_id":"30","del_flg":"0","dl_limit_dt":"2015-07-11 11:04:15","item_type":2,"settlement_dt":"2013-07-12 11:04:15"}],"author_nm":"\u6c5f\u5ddd\u9054\u4e5f","author_kana":"\u3048\u304c\u308f\u305f\u3064\u3084"},{"title_id":"0000003836","title_nm":"\u30e9\u30d6\u30bb\u30ec\u30d6","title_kana":"\u3089\u3076\u305b\u308c\u3076","v_cnt":"7","c_cnt":"70","book_type":"010","new_item_id":"V0000003836_0007","release_dt":"2011-10-10 10:00:00","buy_check_flg":2,"last_target_device_type":"0","detail_info":[{"item_id":"V0000003836_0007","purchase_target_device_type":"0","item_no":"7","item_nm":"7\u5dfb","file_name":"V0000003836_0007.book","file_size":"43.9","book_format_id":"20","del_flg":"0","dl_limit_dt":"2015-06-10 15:10:12","item_type":1,"settlement_dt":"2013-06-11 15:10:12"}],"author_nm":"\u65b0\u689d\u307e\u3086","author_kana":"\u3057\u3093\u3058\u3087\u3046\u307e\u3086"},{"title_id":"0000003957","title_nm":"\u307e\u3093\u304c\u30b0\u30ea\u30e0\u7ae5\u8a71 \u91d1\u74f6\u6885\uff11\uff12\uff13\uff14\uff15\uff16\uff17\uff18\uff19\uff10\uff11\uff12\uff13","title_kana":"\u307e\u3093\u304c\u3050\u308a\u3080\u3069\u3046\u308f\u304d\u3093\u307a\u3044\u3070\u3044","v_cnt":"0","c_cnt":"298","book_type":"010","new_item_id":"C0000003957_0298","release_dt":"2013-01-07 10:00:00","buy_check_flg":2,"last_target_device_type":"1","detail_info":[{"item_id":"C0000003957_0001","purchase_target_device_type":"0","item_no":"1","item_nm":"1\u8a71 \u58f1\u306e\u5dfb(1)","file_name":"C0000003957_0001","file_size":"1.0","book_format_id":"40","del_flg":"0","dl_limit_dt":"2015-06-10 14:54:52","item_type":2,"settlement_dt":"2013-06-11 14:54:52"}],"author_nm":"\u7af9\u5d0e\u771f\u5b9f","author_kana":"\u305f\u3051\u3056\u304d\u307e\u307f"},{"title_id":"0000005572","title_nm":"\u30b9\u30f3\u30c7\u30ec!","title_kana":"\u3059\u3093\u3067\u308c","v_cnt":"2","c_cnt":"0","book_type":"010","new_item_id":"V0000005572_0002","release_dt":"2013-01-07 10:00:00","buy_check_flg":2,"last_target_device_type":"0","detail_info":[{"item_id":"V0000005572_0001","purchase_target_device_type":"0","item_no":"1","item_nm":"1\u5dfb","file_name":"V0000005572_0001.book","file_size":"82.3","book_format_id":"20","del_flg":"0","dl_limit_dt":"2015-06-10 15:09:38","item_type":1,"settlement_dt":"2013-06-11 15:09:38"}],"author_nm":"\u590f\u76ee\u6587\u82b1","author_kana":"\u306a\u3064\u3081\u3075\u307f\u304b"},{"title_id":"0000005602","title_nm":"\u795e\u69d8\u306f\u30b5\u30a6\u30b9\u30dd\u30fcDIAMOND","title_kana":"\u304b\u307f\u3055\u307e\u306f\u3055\u3046\u3059\u307d\u30fc\u3060\u3044\u3042\u3082\u3093\u3069","v_cnt":"3","c_cnt":"26","book_type":"010","new_item_id":"V0000005602_0003","release_dt":"2013-05-07 10:00:00","buy_check_flg":2,"last_target_device_type":"2","detail_info":[{"item_id":"V0000005602_0001","purchase_target_device_type":"0","item_no":"1","item_nm":"1\u5dfb","file_name":"V0000005602_0001.book","file_size":"44.4","book_format_id":"20","del_flg":"0","dl_limit_dt":"2015-06-10 14:51:56","item_type":1,"settlement_dt":"2013-06-11 14:51:56"}],"author_nm":"\u4eca\u6cc9\u4f38\u4e8c","author_kana":"\u3044\u307e\u3044\u305a\u307f\u3057\u3093\u3058"},{"title_id":"0000005640","title_nm":"L\uff65DK","title_kana":"\u3048\u308b\u3067\u3043\u30fc\u3051\u30fc","v_cnt":"4","c_cnt":"0","book_type":"010","new_item_id":"V0000005640_0002","release_dt":"2013-05-10 10:00:00","buy_check_flg":2,"last_target_device_type":"0","detail_info":[{"item_id":"V0000005640_0001","purchase_target_device_type":"0","item_no":"1","item_nm":"1\u5dfb","file_name":"V0000005640_0001.book","file_size":"31.3","book_format_id":"20","del_flg":"0","dl_limit_dt":"2015-06-10 14:51:43","item_type":1,"settlement_dt":"2013-06-11 14:51:43"}],"author_nm":"\u6e21\u8fba\u3042\u3086","author_kana":"\u308f\u305f\u306a\u3079\u3042\u3086"},{"title_id":"0000005677","title_nm":"\u65b0\u5bbf\u30b9\u30ef\u30f3 \u6b4c\u821e\u4f0e\u753a\u30b9\u30ab\u30a6\u30c8\u30b5\u30d0\u30a4\u30d0\u30eb","title_kana":"\u3057\u3093\u3058\u3085\u304f\u3059\u308f\u3093\u304b\u3076\u304d\u3061\u3087\u3046\u3059\u304b\u3046\u3068\u3055\u3070\u3044\u3070\u308b","v_cnt":"21","c_cnt":"0","book_type":"010","new_item_id":"V0000005677_0022","release_dt":"2013-02-07 10:00:00","buy_check_flg":2,"last_target_device_type":"0","detail_info":[{"item_id":"V0000005677_0001","purchase_target_device_type":"0","item_no":"1","item_nm":"1\u5dfb","file_name":"V0000005677_0001.book","file_size":"38.2","book_format_id":"20","del_flg":"0","dl_limit_dt":"2015-05-20 16:51:56","item_type":1,"settlement_dt":"2013-05-21 16:51:56"},{"item_id":"V0000005677_0002","purchase_target_device_type":"0","item_no":"2","item_nm":"2\u5dfb","file_name":"V0000005677_0002.book","file_size":"39.3","book_format_id":"20","del_flg":"0","dl_limit_dt":"2015-05-27 16:46:16","item_type":1,"settlement_dt":"2013-05-28 16:46:16"}],"author_nm":"\u548c\u4e45\u4e95\u5065","author_kana":"\u308f\u304f\u3044\u3051\u3093"},{"title_id":"0000005683","title_nm":"\u982d\u6587\u5b57D","title_kana":"\u3044\u306b\u3057\u3083\u308b\u3067\u3043\u30fc","v_cnt":"41","c_cnt":"0","book_type":"010","new_item_id":"V0000005683_0041","release_dt":"2011-10-10 10:00:00","buy_check_flg":2,"last_target_device_type":"0","detail_info":[{"item_id":"V0000005683_0001","purchase_target_device_type":"0","item_no":"1","item_nm":"1\u5dfb","file_name":"V0000005683_0001.book","file_size":"37.9","book_format_id":"20","del_flg":"0","dl_limit_dt":"2015-05-27 16:46:30","item_type":1,"settlement_dt":"2013-05-28 16:46:30"}],"author_nm":"\u3057\u3052\u306e\u79c0\u4e00","author_kana":"\u3057\u3052\u306e\u3057\u3085\u3046\u3044\u3061"},{"title_id":"0000005692","title_nm":"\u9032\u6483\u306e\u5de8\u4eba attack on titan","title_kana":"\u3057\u3093\u3052\u304d\u306e\u304d\u3087\u3058\u3093\u3042\u305f\u3063\u304f\u304a\u3093\u305f\u3044\u305f\u3093","v_cnt":"3","c_cnt":"0","book_type":"010","new_item_id":"V0000005692_0003","release_dt":"2011-10-10 10:00:00","buy_check_flg":2,"last_target_device_type":"0","detail_info":[{"item_id":"V0000005692_0001","purchase_target_device_type":"0","item_no":"1","item_nm":"1\u5dfb","file_name":"V0000005692_0001.book","file_size":"41.4","book_format_id":"20","del_flg":"0","dl_limit_dt":"2015-05-15 17:20:34","item_type":1,"settlement_dt":"2013-05-16 17:20:34"},{"item_id":"V0000005692_0002","purchase_target_device_type":"0","item_no":"2","item_nm":"2\u5dfb","file_name":"V0000005692_0002.book","file_size":"41.2","book_format_id":"20","del_flg":"0","dl_limit_dt":"2015-05-27 16:45:22","item_type":1,"settlement_dt":"2013-05-28 16:45:22"},{"item_id":"V0000005692_0003","purchase_target_device_type":"0","item_no":"3","item_nm":"3\u5dfb","file_name":"V0000005692_0003.book","file_size":"45.4","book_format_id":"20","del_flg":"0","dl_limit_dt":"2015-06-06 15:50:08","item_type":1,"settlement_dt":"2013-06-07 15:50:08"}],"author_nm":"\u8aeb\u5c71\u5275","author_kana":"\u3044\u3055\u3084\u307e\u306f\u3058\u3081"},{"title_id":"0000007171","title_nm":"\u307b\u3057\u306e\u3075\u308b\u307e\u3061","title_kana":"\u307b\u3057\u306e\u3075\u308b\u307e\u3061","v_cnt":"7","c_cnt":"84","book_type":"010","new_item_id":"V0000007171_0007","release_dt":"2013-02-22 10:00:00","buy_check_flg":2,"last_target_device_type":"0","detail_info":[{"item_id":"V0000007171_0001","purchase_target_device_type":"0","item_no":"1","item_nm":"1\u5dfb","file_name":"V0000007171_0001.book","file_size":"44.1","book_format_id":"20","del_flg":"0","dl_limit_dt":"2015-06-10 14:52:58","item_type":1,"settlement_dt":"2013-06-11 14:52:58"}],"author_nm":"\u539f\u79c0\u5247","author_kana":"\u306f\u3089\u3072\u3067\u306e\u308a"},{"title_id":"0000007475","title_nm":"\u9ad8\u6821\u30a2\u30d5\u30ed\u7530\u4e2d","title_kana":"\u3053\u3046\u3053\u3046\u3042\u3075\u308d\u305f\u306a\u304b","v_cnt":"10","c_cnt":"114","book_type":"010","new_item_id":"V0000007475_0010","release_dt":"2011-10-10 10:00:00","buy_check_flg":2,"last_target_device_type":"0","detail_info":[{"item_id":"V0000007475_0001","purchase_target_device_type":"0","item_no":"1","item_nm":"1\u5dfb","file_name":"V0000007475_0001.book","file_size":"43.8","book_format_id":"20","del_flg":"0","dl_limit_dt":"2015-06-10 14:53:55","item_type":1,"settlement_dt":"2013-06-11 14:53:55"}],"author_nm":"\u306e\u308a\u3064\u3051\u96c5\u6625","author_kana":"\u306e\u308a\u3064\u3051\u307e\u3055\u306f\u308b"},{"title_id":"0000007936","title_nm":"\u4ffa\u306e\u7a7a \u5211\u4e8b\u7de8","title_kana":"\u304a\u308c\u306e\u305d\u3089\u3051\u3044\u3058\u3078\u3093","v_cnt":"6","c_cnt":"52","book_type":"010","new_item_id":"V0000007936_0006","release_dt":"2013-01-07 10:00:00","buy_check_flg":2,"last_target_device_type":"0","detail_info":[{"item_id":"V0000007936_0001","purchase_target_device_type":"0","item_no":"1","item_nm":"1\u5dfb","file_name":"V0000007936_0001.book","file_size":"37.1","book_format_id":"20","del_flg":"0","dl_limit_dt":"2015-06-10 15:08:28","item_type":1,"settlement_dt":"2013-06-11 15:08:28"}],"author_nm":"\u672c\u5bae\u3072\u308d\u5fd7","author_kana":"\u3082\u3068\u307f\u3084\u3072\u308d\u3057"},{"title_id":"0000007941","title_nm":"\u65b0\u30fb\u7537\u6a39","title_kana":"\u3057\u3093\u304a\u3068\u3053\u304e","v_cnt":"4","c_cnt":"48","book_type":"010","new_item_id":"V0000007941_0004","release_dt":"2013-01-07 10:00:00","buy_check_flg":2,"last_target_device_type":"0","detail_info":[{"item_id":"V0000007941_0001","purchase_target_device_type":"0","item_no":"1","item_nm":"1\u5dfb","file_name":"V0000007941_0001.book","file_size":"44.5","book_format_id":"20","del_flg":"0","dl_limit_dt":"2015-06-10 15:09:25","item_type":1,"settlement_dt":"2013-06-11 15:09:25"}],"author_nm":"\u672c\u5bae\u3072\u308d\u5fd7","author_kana":"\u3082\u3068\u307f\u3084\u3072\u308d\u3057"},{"title_id":"0000015013","title_nm":"\u5b87\u5b99\u5144\u5f1f","title_kana":"\u3046\u3061\u3085\u3046\u304d\u3087\u3046\u3060\u3044","v_cnt":"14","c_cnt":"0","book_type":"010","new_item_id":"V0000015013_0014","release_dt":"2011-10-10 10:00:00","buy_check_flg":2,"last_target_device_type":"0","detail_info":[{"item_id":"V0000015013_0001","purchase_target_device_type":"0","item_no":"1","item_nm":"1\u5dfb","file_name":"V0000015013_0001.book","file_size":"39.5","book_format_id":"20","del_flg":"0","dl_limit_dt":"2015-05-20 16:56:12","item_type":1,"settlement_dt":"2013-05-21 16:56:12"}],"author_nm":"\u5c0f\u5c71\u5b99\u54c9","author_kana":"\u3053\u3084\u307e\u3061\u3085\u3046\u3084"},{"title_id":"0000015060","title_nm":"\u6843\u8272\u30d8\u30f4\u30f3!","title_kana":"\u3082\u3082\u3044\u308d\u3078\u3076\u3093","v_cnt":"8","c_cnt":"0","book_type":"010","new_item_id":"V0000015060_0009","release_dt":"2011-10-10 10:00:00","buy_check_flg":2,"last_target_device_type":"0","detail_info":[{"item_id":"V0000015060_0002","purchase_target_device_type":"0","item_no":"2","item_nm":"2\u5dfb","file_name":"V0000015060_0002.book","file_size":"23.5","book_format_id":"20","del_flg":"0","dl_limit_dt":"2015-06-10 14:52:41","item_type":1,"settlement_dt":"2013-06-11 14:52:41"}],"author_nm":"\u5409\u91ce\u30de\u30ea","author_kana":"\u3088\u3057\u306e\u307e\u308a"},{"title_id":"0000015205","title_nm":"BE-BOP-HIGHSCHOOL","title_kana":"\u3073\u30fc\u3070\u3063\u3077\u306f\u3044\u3059\u304f\u30fc\u308b","v_cnt":"48","c_cnt":"0","book_type":"010","new_item_id":"V0000015205_0048","release_dt":"2011-10-10 10:00:00","buy_check_flg":2,"last_target_device_type":"0","detail_info":[{"item_id":"V0000015205_0002","purchase_target_device_type":"0","item_no":"2","item_nm":"2\u5dfb","file_name":"V0000015205_0002.book","file_size":"35.2","book_format_id":"20","del_flg":"0","dl_limit_dt":"2015-05-15 17:24:46","item_type":1,"settlement_dt":"2013-05-16 17:24:46"}],"author_nm":"\u304d\u3046\u3061\u304b\u305a\u3072\u308d","author_kana":"\u304d\u3046\u3061\u304b\u305a\u3072\u308d"},{"title_id":"0000015386","title_nm":"\u5b66\u5712\u738b\u5b50","title_kana":"\u304c\u304f\u3048\u3093\u304a\u3046\u3058","v_cnt":"11","c_cnt":"0","book_type":"010","new_item_id":"V0000015386_0011","release_dt":"2011-10-10 10:00:00","buy_check_flg":2,"last_target_device_type":"0","detail_info":[{"item_id":"V0000015386_0001","purchase_target_device_type":"0","item_no":"1","item_nm":"1\u5dfb","file_name":"V0000015386_0001.book","file_size":"32.5","book_format_id":"20","del_flg":"0","dl_limit_dt":"2015-05-20 16:56:26","item_type":1,"settlement_dt":"2013-05-21 16:56:26"},{"item_id":"V0000015386_0002","purchase_target_device_type":"0","item_no":"2","item_nm":"2\u5dfb","file_name":"V0000015386_0002.book","file_size":"33.2","book_format_id":"20","del_flg":"0","dl_limit_dt":"2015-05-21 14:13:33","item_type":1,"settlement_dt":"2013-05-22 14:13:33"},{"item_id":"V0000015386_0003","purchase_target_device_type":"0","item_no":"3","item_nm":"3\u5dfb","file_name":"V0000015386_0003.book","file_size":"34.0","book_format_id":"20","del_flg":"0","dl_limit_dt":"2015-05-21 14:17:32","item_type":1,"settlement_dt":"2013-05-22 14:17:32"}],"author_nm":"\u67da\u6708\u7d14","author_kana":"\u3086\u3065\u304d\u3058\u3085\u3093"},{"title_id":"0000031177","title_nm":"\u7d4c\u6e08\u306e\u3053\u3068\u3088\u304f\u308f\u304b\u3089\u306a\u3044\u307e\u307e\u793e\u4f1a\u4eba\u306b\u306a\u3063\u3066\u3057\u307e\u3063\u305f\u4eba\u3078\u3000\u5897\u88dc\u6539\u8a02\u7248","title_kana":"\u3051\u3044\u3056\u3044\u306e\u3053\u3068\u3088\u304f\u308f\u304b\u3089\u306a\u3044\u307e\u307e\u3057\u3083\u304b\u3044\u3058\u3093\u306b\u306a\u3063\u3066\u3057\u307e\u3063\u305f\u3072\u3068\u3078\u305e\u3046\u307b\u304b\u3044\u3066\u3044\u3070\u3093","v_cnt":"1","c_cnt":"0","book_type":"011","new_item_id":"V0000031177_0001","release_dt":"2011-10-10 10:00:00","buy_check_flg":2,"last_target_device_type":"0","detail_info":[{"item_id":"V0000031177_0001","purchase_target_device_type":"0","item_no":"1","item_nm":"\u7d4c\u6e08\u306e\u3053\u3068\u3088\u304f\u308f\u304b\u3089\u306a\u3044\u307e\u307e\u793e\u4f1a\u4eba\u306b\u306a\u3063\u3066\u3057\u307e\u3063\u305f\u4eba\u3078\u3000\u5897\u88dc\u6539\u8a02\u7248","file_name":"V0000031177_0001.zbf","file_size":"2.5","book_format_id":"30","del_flg":"0","dl_limit_dt":"2015-05-20 16:57:00","item_type":1,"settlement_dt":"2013-05-21 16:57:00"}],"author_nm":"\u6c60\u4e0a\u5f70","author_kana":"\u3044\u3051\u304c\u307f\u3042\u304d\u3089"},{"title_id":"0000031201","title_nm":"\u307e\u3088\u30c1\u30ad\uff01","title_kana":"\u307e\u3088\u3061\u304d","v_cnt":"8","c_cnt":"0","book_type":"011","new_item_id":"V0000031201_0008","release_dt":"2011-10-10 10:00:00","buy_check_flg":2,"last_target_device_type":"0","detail_info":[{"item_id":"V0000031201_0001","purchase_target_device_type":"0","item_no":"1","item_nm":"\u307e\u3088\u30c1\u30ad\uff01","file_name":"V0000031201_0001.zbf","file_size":"3.1","book_format_id":"30","del_flg":"0","dl_limit_dt":"2015-05-20 16:58:31","item_type":1,"settlement_dt":"2013-05-21 16:58:31"}],"author_nm":"\u3042\u3055\u306e\u30cf\u30b8\u30e1\uff0c\u83ca\u6c60\u653f\u6cbb","author_kana":"\u3042\u3055\u306e\u306f\u3058\u3081\uff0c\u304d\u304f\u3061\u305b\u3044\u3058"},{"title_id":"0001000017","title_nm":"QP2","title_kana":"\u308b\u3071\u3093\u305b\u3044\u304b\u304f\u306b\u3093\u306f\u3044\u3076\u308a\u3063\u3069","v_cnt":"2","c_cnt":"0","book_type":"010","new_item_id":"V0001000017_0002","release_dt":"2011-10-10 10:00:00","buy_check_flg":2,"last_target_device_type":"0","detail_info":[{"item_id":"V0001000017_0001","purchase_target_device_type":"0","item_no":"1","item_nm":"1\u5dfb","file_name":"V0001000017_0001.zip","file_size":"26.0","book_format_id":"41","del_flg":"1","dl_limit_dt":"2015-06-11 12:16:32","item_type":1,"settlement_dt":"2013-06-12 12:16:32"}],"author_nm":"\u672c\u5bae\u3072\u308d\u5fd7","author_kana":"\u3082\u3068\u307f\u3084\u3072\u308d\u3057"},{"title_id":"0001000143","title_nm":"QP\u5916\u4f1d","title_kana":"\u304d\u3085\u30fc\u3074\u30fc\u304c\u3044\u3067\u3093","v_cnt":"1","c_cnt":"0","book_type":"010","new_item_id":"V0001000143_0001","release_dt":"2012-03-08 09:00:00","buy_check_flg":2,"last_target_device_type":"0","detail_info":[{"item_id":"V0001000143_0001","purchase_target_device_type":"0","item_no":"1","item_nm":"1\u5dfb","file_name":"V0001000143_0001.hbc","file_size":"60.9","book_format_id":"21","del_flg":"0","dl_limit_dt":"2015-06-11 12:15:22","item_type":1,"settlement_dt":"2013-06-12 12:15:22"}],"author_nm":"\u672c\u5bae\u3072\u308d\u5fd7","author_kana":"\u3082\u3068\u307f\u3084\u3072\u308d\u3057"},{"title_id":"0001000892","title_nm":"\u2462\u30cd\u30aa\u30b9\u7528\u30c6\u30b9\u30c8\uff08OMF\uff09\u3042\u3042\u3042\u3042\u3042\u3042\u3042\u3042\u3042\u3042\u3042\u3042\u3042\u3042\u3042\u3042\u3042\u3042\u3042\u3042\u3042\u3042\u3042\u3042\u3042\u3042\u3042\u3042\u3042\u3042\u3042\u3042\u3042\u3042\u3042\u3042\u3042\u3042\u3042\u3042\u3042\u3042\u3042\u3042\u3042\u3042\u3042\u3042\u3042\u3042\u3042\u3042\u3042\u3042\u3042\u3042\u3042\u3042\u3042\u3042\u3042\u3042\u3042\u3042\u3042\u3042\u3042\u3042\u3042\u3042\u3042\u3042\u3042\u3042\u3042\u3042\u3042\u3042\u3042\u3042\u3042\u3042\u3042\u3042\u3042\u3042\u3042\u3042\u3042\u3042\u3042\u3042\u3042\u3042\u3042\u3042\u3042\u3042\u3042\u3042\u3042\u3042\u3042\u3042\u3042\u3042\u3042\u3042\u3042\u3042\u3042\u3042\u3042\u3042\u3042\u3042\u3042\u3042\u3042\u3042\u3042\u3042\u3042\u3042\u3042\u3042\u3042\u3042\u3042\u3042\u3042\u3042\u3042\u3042\u3042\u3042\u3042\u3042\u3042\u3042\u3042\u3042\u3042\u3042\u3042\u3042\u3042\u3042\u3042\u3042\u3042\u3042\u3042\u3042\u3042\u3042\u3042\u3042\u3042\u3042\u3042\u3042\u3042\u3042\u3042\u3042\u3042\u3042\u3042\u3042\u3042\u3042\u3042\u3042\u3042\u3042\u3042\u3042\u3042\u3042\u3042\u3042\u3042\u3042\u3042\u3042\u3042\u3042\u3042\u3042\u3042\u3042\u3042\u3042\u3042\u3042\u3042\u3042\u3042\u3042\u3042\u3042\u3042\u3042\u3042\u3042\u3042\u3042\u3042\u3042\u3042\u3042\u3042\u3042\u3042\u3042\u3042\u3042\u3042\u3042\u3042\u3042\u3042\u3042\u3042\u3042\u3042\u3042\u3042\u3042\u3042\u3042\u3042\u3042\u3042\u3042\u3042\u3042\u3042\u3042\u3042","title_kana":"\u3066\u3059\u3068\u3044\u3061","v_cnt":"2","c_cnt":"0","book_type":"010","new_item_id":"V0001000892_0002","release_dt":"2012-06-01 10:10:10","buy_check_flg":2,"last_target_device_type":"0","detail_info":[{"item_id":"V0001000892_0001","purchase_target_device_type":"0","item_no":"1","item_nm":"\u305f\u3081\u3057\u3088\u307f","file_name":"V0001000892_0001.epub","file_size":"14.1","book_format_id":"10","del_flg":"0","dl_limit_dt":"2015-06-10 15:33:07","item_type":1,"settlement_dt":"2013-06-11 15:33:07"}],"author_nm":"\u5c3e\u7530\u6804\u4e00\u90ce","author_kana":"\u304a\u3060\u3048\u3044\u3044\u3061\u308d\u3046"},{"title_id":"0001000895","title_nm":"\u30ec\u30a4\u30c6\u30a3\u30f3\u30b0\u30c4\u30a4\u30ab\u30c6\u30b9\u30c8\u30bf\u30a4\u30c8\u30eb\uff14","title_kana":"\u3066\u3059\u3068\u3088\u3093","v_cnt":"1","c_cnt":"1","book_type":"010","new_item_id":"V0001000895_0001","release_dt":"2012-06-01 10:10:10","buy_check_flg":2,"last_target_device_type":"0","detail_info":[{"item_id":"V0001000895_0001","purchase_target_device_type":"0","item_no":"1","item_nm":"\u305f\u3081\u3057\u3088\u307f","file_name":"V0001000895_0001.epub","file_size":"8.8","book_format_id":"10","del_flg":"0","dl_limit_dt":"2015-06-10 15:33:41","item_type":1,"settlement_dt":"2013-06-11 15:33:41"}],"author_nm":"\u53f3\u4eac\u3042\u3084\u306d","author_kana":"\u3046\u304d\u3087\u3046\u3042\u3084\u306d"},{"title_id":"0001001137","title_nm":"\u30ec\u30a4\u30c6\u30a3\u30f3\u30b02BS\u30b5\u30f3\u30d7\u30eb\u30c6\u30b9\u30c81","title_kana":"\u3066\u3059\u3068","v_cnt":"1","c_cnt":"0","book_type":"010","new_item_id":"V0001001136_0001","release_dt":"2012-07-04 00:00:00","buy_check_flg":2,"last_target_device_type":"0","detail_info":[{"item_id":"V0001001137_0001","purchase_target_device_type":"0","item_no":"1","item_nm":"test","file_name":"V0001001137_0001","file_size":"0.1","book_format_id":"40","del_flg":"0","dl_limit_dt":"2015-06-10 15:23:53","item_type":1,"settlement_dt":"2013-06-11 15:23:53"}],"author_nm":"","author_kana":""},{"title_id":"0001001138","title_nm":"\u30b9\u30de\u30db\u3000BS\u30b5\u30f3\u30d7\u30eb\u30c6\u30b9\u30c82","title_kana":"\u3066\u3059\u3068","v_cnt":"1","c_cnt":"0","book_type":"010","new_item_id":"V0001001136_0001","release_dt":"2012-07-04 00:00:00","buy_check_flg":2,"last_target_device_type":"1","detail_info":[{"item_id":"V0001001138_0001","purchase_target_device_type":"0","item_no":"1","item_nm":"test","file_name":"V0001001138_0001","file_size":"0.1","book_format_id":"40","del_flg":"0","dl_limit_dt":"2015-06-10 15:25:42","item_type":1,"settlement_dt":"2013-06-11 15:25:42"}],"author_nm":"","author_kana":""},{"title_id":"0001001139","title_nm":"BS\u30b5\u30f3\u30d7\u30eb\u30c6\u30b9\u30c83","title_kana":"\u3066\u3059\u3068","v_cnt":"1","c_cnt":"0","book_type":"010","new_item_id":"V0001001136_0001","release_dt":"2012-07-04 00:00:00","buy_check_flg":2,"last_target_device_type":"0","detail_info":[{"item_id":"V0001001139_0001","purchase_target_device_type":"0","item_no":"1","item_nm":"test","file_name":"V0001001139_0001","file_size":"0.1","book_format_id":"40","del_flg":"0","dl_limit_dt":"2015-06-10 15:25:56","item_type":1,"settlement_dt":"2013-06-11 15:25:56"}],"author_nm":"","author_kana":""},{"title_id":"0001001140","title_nm":"BS\u30b5\u30f3\u30d7\u30eb\u30c6\u30b9\u30c84","title_kana":"\u3066\u3059\u3068","v_cnt":"1","c_cnt":"0","book_type":"010","new_item_id":"V0001001136_0001","release_dt":"2012-07-04 00:00:00","buy_check_flg":2,"last_target_device_type":"0","detail_info":[{"item_id":"V0001001140_0001","purchase_target_device_type":"0","item_no":"1","item_nm":"test","file_name":"V0001001140_0001","file_size":"0.1","book_format_id":"40","del_flg":"0","dl_limit_dt":"2015-06-10 15:26:05","item_type":1,"settlement_dt":"2013-06-11 15:26:05"}],"author_nm":"","author_kana":""},{"title_id":"0001001141","title_nm":"BS\u30b5\u30f3\u30d7\u30eb\u30c6\u30b9\u30c85","title_kana":"\u3066\u3059\u3068","v_cnt":"1","c_cnt":"0","book_type":"010","new_item_id":"V0001001136_0001","release_dt":"2012-07-04 00:00:00","buy_check_flg":2,"last_target_device_type":"0","detail_info":[{"item_id":"V0001001141_0001","purchase_target_device_type":"0","item_no":"1","item_nm":"test","file_name":"V0001001141_0001","file_size":"0.1","book_format_id":"40","del_flg":"0","dl_limit_dt":"2015-06-10 15:26:10","item_type":1,"settlement_dt":"2013-06-11 15:26:10"}],"author_nm":"","author_kana":""},{"title_id":"0001001204","title_nm":"\u4eca\u65e5\u3001\u604b\u3092\u306f\u3058\u3081\u307e\u3059\uff11","title_kana":"\u304d\u3087\u3046\u3053\u3044\u3092\u306f\u3058\u3081\u307e\u3059","v_cnt":"15","c_cnt":"0","book_type":"010","new_item_id":"V0001001204_0015","release_dt":"2013-01-07 00:00:00","buy_check_flg":2,"last_target_device_type":"0","detail_info":[{"item_id":"V0001001204_0002","purchase_target_device_type":"0","item_no":"2","item_nm":"2\u5dfb","file_name":"V0001001204_0002.book","file_size":"26.0","book_format_id":"20","del_flg":"0","dl_limit_dt":"2015-06-10 15:08:59","item_type":1,"settlement_dt":"2013-06-11 15:08:59"}],"author_nm":"\u6c34\u6ce2\u98a8\u5357","author_kana":"\u307f\u306a\u307f\u304b\u306a\u3093"}]}