<?xml version="1.0" encoding="UTF-8" standalone="no"?>
<!--
	This XML file was automatically generated by UiBuilder - do not modify by hand.
-->
<string_table Bversion="2.0.0.201307011453" Dversion="20120315">
    <text id="IDS_SETTING_SCREEN_ROTATE">Screen Rotate</text>
    <text id="IDS_SETTING_SCREEN_BACKLIGHT_10MIN">10 min</text>
    <text id="IDS_SETTING_SCREEN_BACKLIGHT_DESC">//No manipulation of time until the screen turns off</text>
    <text id="IDS_SETTING_SCREEN_BRIGHTNESS_AUTO_ON">Auto On</text>
    <text id="IDS_SORT_DATE">Date</text>
    <text id="IDS_SETTING_SCREEN_BACKLIGHT_5MIN">5 min</text>
    <text id="IDS_SETTING_SCREEN_RECENTLY_READBOOK">Recent Read Book</text>
    <text id="IDS_SETTING_SCREEN_ROTATE_DISABLE">Rotate Disable</text>
    <text id="IDS_NEWBOOK">New Book</text>
    <text id="IDS_OPTIONMENU_SETTING">Setting</text>
    <text id="IDS_SETTING_SCREEN_BACKLIGHT_30SEC">30 sec</text>
    <text id="IDS_SETTING_SECTION_SHARING">Sharing Settings</text>
    <text id="IDS_SETTING_SCREEN_LOGIN_DESC">//You can use the My bookshelf by specifying the docomo ID</text>
    <text id="IDS_SETTING_SECTION_SCREEN">Screen Settings</text>
    <text id="IDS_SETTING_SCREEN">Screen</text>
    <text id="IDS_SETTING_SCREEN_CURRENT">Current Setting : </text>
    <text id="IDS_SETTING_SCREEN_ROTATE_ENABLE">Rotate Enable</text>
    <text id="IDS_SETTING_SCREEN_APP_INFO">Application information</text>
    <text id="IDS_SETTING_SCREEN_DOWNLOAD_VIBE_DESC">//I can set the vibe of notification once the download is complete</text>
    <text id="IDS_SORT_TITLE">Title</text>
    <text id="IDS_HEADER_SETTING">Setting</text>
    <text id="IDS_OPTIONMENU_HELP">Help</text>
    <text id="IDS_SETTING_SCREEN_LOGIN">docomo ID Login</text>
    <text id="IDS_SETTING_SCREEN_BRIGHTNESS_AUTO_OFF">Auto Off</text>
    <text id="IDS_SORT_SAVED">Saved</text>
    <text id="IDS_SETTING_SCREEN_BRIGHTNESS">Screen Brightness </text>
    <text id="IDS_SETTING_SCREEN_BRIGHTNESS_AUTO">Auto Control</text>
    <text id="IDS_OPTIONMENU_TOGGLE">Toggle</text>
    <text id="IDS_SETTING_SCREEN_BACKLIGHT_1MIN">1 min</text>
    <text id="IDS_SETTING_SECTION_INFORMATION">Information</text>
    <text id="IDS_SETTING_SHOW">Show </text>
    <text id="IDS_SETTING_SCREEN_APP_INFO_DESC">//I will display the version information of the viewer application</text>
    <text id="IDS_SETTING_SCREEN_STORAGE">Storage</text>
    <text id="IDS_OPTIONMENU_UPDATE">Update</text>
    <text id="IDS_HEADER_TITLE">MyHondana</text>
    <text id="IDS_OPTIONMENU_DELETE">Delete</text>
    <text id="IDS_SETTING_SCREEN_BOOKMARK_SHARED_DESC">//You can share the bookmark information in the body of the multiple</text>
    <text id="IDS_SETTING_SCREEN_STORAGE_DESC">//I can set about saving download time</text>
    <text id="IDS_SETTING_SECTION_DOWNLOAD">Download Settings</text>
    <text id="IDS_SETTING_SECTION_DISPLAY">Display Settings</text>
    <text id="IDS_SETTING_SCREEN_BOOKMARK_SHARED">Bookmark sharing information</text>
    <text id="IDS_SETTING_SCREEN_DOWNLOAD_VIBE">Download Complete Vibe</text>
    <text id="IDS_SORT_AUTHOR">Author</text>
    <text id="IDS_OPTIONMENU_DOWNLOAD">Download</text>
    <text id="IDS_SETTING_SCREEN_BACKLIGHT">Backlight Holding Time</text>
    <text id="IDS_SETTING_SCREEN_BACKLIGHT_15SEC">15 sec</text>
    <text id="IDS_SETTING_SCREEN_BACKLIGHT_2MIN">2 min</text>
</string_table>
