<?xml version="1.0" encoding="UTF-8" standalone="no"?>
<!--
	This XML file was automatically generated by UiBuilder - do not modify by hand.
-->
<string_table Bversion="2.0.0.201307011453" Dversion="20120315">
    <text id="IDS_SETTING_SCREEN_ROTATE">画面の自動回転</text>
    <text id="IDS_SETTING_SCREEN_BACKLIGHT_10MIN">10 分</text>
    <text id="IDS_SETTING_SCREEN_BACKLIGHT_DESC">無操作の時に画面消灯するまでの時間</text>
    <text id="IDS_SETTING_SCREEN_BRIGHTNESS_AUTO_ON">自動調整ON</text>
    <text id="IDS_SORT_DATE">購入日順</text>
    <text id="IDS_SETTING_SCREEN_BACKLIGHT_5MIN">5 分</text>
    <text id="IDS_SETTING_SCREEN_RECENTLY_READBOOK">最近読んだ本の表示</text>
    <text id="IDS_SETTING_SCREEN_ROTATE_DISABLE">自動回転を禁止</text>
    <text id="IDS_NEWBOOK">新刊あり</text>
    <text id="IDS_OPTIONMENU_SETTING">設定</text>
    <text id="IDS_SETTING_SCREEN_BACKLIGHT_30SEC">30 秒</text>
    <text id="IDS_SETTING_SECTION_SHARING">共有設定</text>
    <text id="IDS_SETTING_SCREEN_LOGIN_DESC">docomo IDを指定してマイ本棚を使うことができます</text>
    <text id="IDS_SETTING_SECTION_SCREEN">画面の設定</text>
    <text id="IDS_SETTING_SCREEN">画面の設定</text>
    <text id="IDS_SETTING_SCREEN_CURRENT">現在の設定 : </text>
    <text id="IDS_SETTING_SCREEN_ROTATE_ENABLE">自動回転を許可</text>
    <text id="IDS_SETTING_SCREEN_APP_INFO">アプリ情報</text>
    <text id="IDS_SETTING_SCREEN_DOWNLOAD_VIBE_DESC">ダウンロード完了時のバイブ通知を設定できます</text>
    <text id="IDS_SORT_TITLE">作品名順</text>
    <text id="IDS_HEADER_SETTING">設定</text>
    <text id="IDS_OPTIONMENU_HELP">ヘルプ</text>
    <text id="IDS_SETTING_SCREEN_LOGIN">docomo IDでログイン</text>
    <text id="IDS_SETTING_SCREEN_BRIGHTNESS_AUTO_OFF">自動調整OFF</text>
    <text id="IDS_SORT_SAVED">保存済み</text>
    <text id="IDS_SETTING_SCREEN_BRIGHTNESS">画面の明るさ</text>
    <text id="IDS_SETTING_SCREEN_BRIGHTNESS_AUTO">自動調整</text>
    <text id="IDS_OPTIONMENU_TOGGLE">表示切替</text>
    <text id="IDS_SETTING_SCREEN_BACKLIGHT_1MIN">1 分</text>
    <text id="IDS_SETTING_SECTION_INFORMATION">情報</text>
    <text id="IDS_SETTING_SHOW">表示設定</text>
    <text id="IDS_SETTING_SCREEN_APP_INFO_DESC">ビューアアプリのバージョン情報を表示します</text>
    <text id="IDS_SETTING_SCREEN_STORAGE">保存先設定</text>
    <text id="IDS_OPTIONMENU_UPDATE">更新</text>
    <text id="IDS_HEADER_TITLE">マイ本棚</text>
    <text id="IDS_OPTIONMENU_DELETE">削除</text>
    <text id="IDS_SETTING_SCREEN_BOOKMARK_SHARED_DESC">複数の本体でしおり情報を共有できます</text>
    <text id="IDS_SETTING_SCREEN_STORAGE_DESC">ダウンロード時の保存について設定できます</text>
    <text id="IDS_SETTING_SECTION_DOWNLOAD">ダウンロード設定</text>
    <text id="IDS_SETTING_SECTION_DISPLAY">表示設定</text>
    <text id="IDS_SETTING_SCREEN_BOOKMARK_SHARED">しおり情報の共有</text>
    <text id="IDS_SETTING_SCREEN_DOWNLOAD_VIBE">ダウンロード完了バイブ</text>
    <text id="IDS_SORT_AUTHOR">作家名順</text>
    <text id="IDS_OPTIONMENU_DOWNLOAD">まとめてダウンロード</text>
    <text id="IDS_SETTING_SCREEN_BACKLIGHT">バックライト点灯時間</text>
    <text id="IDS_SETTING_SCREEN_BACKLIGHT_15SEC">15 秒</text>
    <text id="IDS_SETTING_SCREEN_BACKLIGHT_2MIN">2 分</text>
</string_table>
