<?xml version="1.0" encoding="UTF-8" standalone="no"?>
<!--
	This XML file was automatically generated by UiBuilder - do not modify by hand.
-->
<string_table Bversion="2.0.0.201307011453" Dversion="20120315">
    <text id="IDS_SETTING_SCREEN_ROTATE">화면 자동 회전</text>
    <text id="IDS_SETTING_SCREEN_BACKLIGHT_10MIN">10 분</text>
    <text id="IDS_SETTING_SCREEN_BACKLIGHT_DESC">무조작 시 화면 소등할 때까지의 시간</text>
    <text id="IDS_SETTING_SCREEN_BRIGHTNESS_AUTO_ON">자동 조정 ON</text>
    <text id="IDS_SORT_DATE">구입일순</text>
    <text id="IDS_SETTING_SCREEN_BACKLIGHT_5MIN">5 분</text>
    <text id="IDS_SETTING_SCREEN_RECENTLY_READBOOK">최근 읽은 책 표시</text>
    <text id="IDS_SETTING_SCREEN_ROTATE_DISABLE">자동 회전 비허용</text>
    <text id="IDS_NEWBOOK">신간</text>
    <text id="IDS_OPTIONMENU_SETTING">설정</text>
    <text id="IDS_SETTING_SCREEN_BACKLIGHT_30SEC">30 초</text>
    <text id="IDS_SETTING_SECTION_SHARING">공유 설정</text>
    <text id="IDS_SETTING_SCREEN_LOGIN_DESC">docomo ID를 사용하여 내 책장을 사용할 수 있습니다</text>
    <text id="IDS_SETTING_SECTION_SCREEN">화면 설정</text>
    <text id="IDS_SETTING_SCREEN">화면 설정</text>
    <text id="IDS_SETTING_SCREEN_CURRENT">현재 설정 : </text>
    <text id="IDS_SETTING_SCREEN_ROTATE_ENABLE">자동 회전 허용</text>
    <text id="IDS_SETTING_SCREEN_APP_INFO">앱 정보</text>
    <text id="IDS_SETTING_SCREEN_DOWNLOAD_VIBE_DESC">다운로드 완료시 진동 알림을 설정할 수 있습니다</text>
    <text id="IDS_SORT_TITLE">작품명순</text>
    <text id="IDS_HEADER_SETTING">설정</text>
    <text id="IDS_OPTIONMENU_HELP">도움말</text>
    <text id="IDS_SETTING_SCREEN_LOGIN">docomo ID로 로그인</text>
    <text id="IDS_SETTING_SCREEN_BRIGHTNESS_AUTO_OFF">자동 조정 OFF</text>
    <text id="IDS_SORT_SAVED">저장순</text>
    <text id="IDS_SETTING_SCREEN_BRIGHTNESS">화면 밝기</text>
    <text id="IDS_SETTING_SCREEN_BRIGHTNESS_AUTO">자동 조정</text>
    <text id="IDS_OPTIONMENU_TOGGLE">표시전환</text>
    <text id="IDS_SETTING_SCREEN_BACKLIGHT_1MIN">1 분</text>
    <text id="IDS_SETTING_SECTION_INFORMATION">정보</text>
    <text id="IDS_SETTING_SHOW">표시 설정</text>
    <text id="IDS_SETTING_SCREEN_APP_INFO_DESC">타이젠 뷰어 버전 정보를 표시합니다</text>
    <text id="IDS_SETTING_SCREEN_STORAGE">저장소설정</text>
    <text id="IDS_OPTIONMENU_UPDATE">업데이트</text>
    <text id="IDS_HEADER_TITLE">내 책장</text>
    <text id="IDS_OPTIONMENU_DELETE">삭제</text>
    <text id="IDS_SETTING_SCREEN_BOOKMARK_SHARED_DESC">여러 본체에서 책갈피 정보를 공유 할 수 있습니다</text>
    <text id="IDS_SETTING_SCREEN_STORAGE_DESC">다운로드시 저장을 설정할 수 있습니다</text>
    <text id="IDS_SETTING_SECTION_DOWNLOAD">다운로드 설정</text>
    <text id="IDS_SETTING_SECTION_DISPLAY">표시 설정</text>
    <text id="IDS_SETTING_SCREEN_BOOKMARK_SHARED">책갈피 정보 공유</text>
    <text id="IDS_SETTING_SCREEN_DOWNLOAD_VIBE">다운로드 완료 진동</text>
    <text id="IDS_SORT_AUTHOR">작가명순</text>
    <text id="IDS_OPTIONMENU_DOWNLOAD">다운로드</text>
    <text id="IDS_SETTING_SCREEN_BACKLIGHT">백라이트 점등 시간</text>
    <text id="IDS_SETTING_SCREEN_BACKLIGHT_15SEC">15 초</text>
    <text id="IDS_SETTING_SCREEN_BACKLIGHT_2MIN">2 분</text>
</string_table>
