<?xml version="1.0" encoding="UTF-8" standalone="no"?>
<Manifest xmlns="http://schemas.tizen.org/2012/12/manifest">
    <Id>qNrTJJseKd</Id>
    <Version>2.0.0</Version>
    <Type>C++App</Type>
    <Author/>
    <Descriptions>
        <Description Locale="eng-GB"/>
    </Descriptions>
    <Requirements>
		<Feature Name="http://tizen.org/feature/screen.size.normal">true</Feature>
    </Requirements>
    <Apps>
        <ApiVersion>2.1</ApiVersion>
        <Privileges/>
        <UiApp Main="True" MenuIconVisible="True" Name="AnimationApp">
            <UiScalability BaseScreenSize="Normal" CoordinateSystem="Logical" LogicalCoordinate="480"/>
            <UiTheme SystemTheme="White"/>
            <DisplayNames>
                <DisplayName Locale="eng-GB">AnimationApp</DisplayName>
            </DisplayNames>
            <Icons>
                <Icon Section="MainMenu" Type="Xhigh">mainmenu.png</Icon>
            </Icons>
            <LaunchConditions/>
            <Notifications/>
        </UiApp>
    </Apps>
</Manifest>

