<?xml version="1.0" encoding="UTF-8"?>
<Manifest xmlns="http://schemas.tizen.org/2012/12/manifest">
    <Id>nHcdewJ8MY</Id>
    <Version>2.0.0</Version>
    <Type>C++App</Type>
    <Requirements>
        <Feature Name="http://tizen.org/feature/screen.size.normal">true</Feature>
    </Requirements>
    <Author/>
    <Apps>
        <ApiVersion>2.2</ApiVersion>
        <Privileges/>
        <UiApp Main="True" MenuIconVisible="True" Name="basic">
            <UiScalability BaseScreenSize="Normal" CoordinateSystem="Logical" LogicalCoordinate="720"/>
            <UiTheme SystemTheme="White"/>
            <DisplayNames>
                <DisplayName Locale="eng-GB">basic</DisplayName>
            </DisplayNames>
            <Icons>
                <Icon Section="MainMenu" Type="Xhigh">mainmenu.png</Icon>
            </Icons>
        </UiApp>
    </Apps>
</Manifest>
